{"cameraMode":{"drawMode":2,"name":"Shaded Wireframe","section":"Shading Mode"},"sceneLighting":true,"audioPlay":false,"sceneViewState":{"m_AlwaysRefresh":false,"showFog":true,"showSkybox":true,"showFlares":true,"showImageEffects":true,"showParticleSystems":true,"showVisualEffectGraphs":true,"m_FxEnabled":true},"in2DMode":false,"pivot":{"x":4.326560020446777,"y":-17.181608200073243,"z":24.374927520751954},"rotation":{"x":0.3550647497177124,"y":-0.006455861497670412,"z":0.0024615635629743339,"w":0.9348224997520447},"size":37.99527359008789,"orthographic":false}